{
  "selected": {
    "regression": {
      "name": "RandomForest",
      "cv_rmse": 27.852265540326613
    },
    "classification": {
      "name": "GradientBoosting",
      "cv_f1": 0.9987577639751553
    }
  },
  "metrics": {
    "regression": {
      "mse": 1004.4253733333335,
      "rmse": 31.692670656373114
    },
    "classification": {
      "accuracy": 0.9809523809523809,
      "precision": 1.0,
      "recall": 0.5,
      "f1": 0.6666666666666666
    }
  }
}